TDSQL分布式实例支持创建分表、单表和广播表。分表即自动水平拆分的表（Shard表），水平拆分是基于分表键采用类似于一致性 Hash、Range、List等方式，根据计算后的值分配到不同的节点组中的一种技术方案。可以将满足对应条件的行将存储在相同的物理节点组中。这种场景称为组拆分（Groupshard）,可以迅速提高应用层联合查询等语句的处理效率。TDSQL支持LIST、RANGE、HASH三种类型的一级分区，同时支持支持RANGE、LIST两种格式的二级分区。
【建议】如无特殊要求，建议用户在分布式实例中创建分表进行使用。
## 一级分区表
在TDSQL中，分表也叫一级分区表。有hash、range、list三种规则。一级hash分区使用shardkey关键字指定拆分键。range和list分区使用tdsql_distributed by语法指定拆分键。
### 一级HASH分区
- 一级hash分区支持类型
–	DATE，DATETIME
–	TINYINT, SMALLINT, MEDIUMINT, INT, BIGINT
–	CHAR，VARCHAR
```
mysql> create table test1 (a int, b int, c char(20),primary key (a,b),unique key u_1(a,c) ) shardkey=a;
Query OK, 0 rows affected (0.07 sec)

```
在分布式实例中，Shardkey对应后端数据库的分区字段，因此必须是主键以及所有唯一索引的一部分，否则无法创建表。详见如下：
```
mysql> create table test1 ( a int, b int, c char(20),primary key (a,b),unique key u_1(a,c),unique key u_2(b,c) ) shardkey=a;

```
此时有一个唯一索引u_2不包含shardkey，无法创建表，将报如下错误：
```
ERROR 1105 (HY000): A UNIQUE INDEX must include all columns in the table's partitioning function

```
因为主键索引或者unique key索引需要全局唯一，而要实现全局唯一索引则必须包含shardkey字段。
 Shardkey字段设计与使用原则：
- 【建议】Shardkey 字段必须是主键以及所有唯一索引的一部分
- 【建议】Shardkey字段的类型必须为int，bigint，smallint/char/varchar，如果分区键是char或者varchar类型，建议长度不超255
- 【禁止】Shardkey字段的值不能为中文，因为Proxy不会转换字符集，所以不同字符集可能会路由到不同的分区
- 【禁止】不要更新shardkey字段的值
- 【建议】Shardkey=a 需放在SQL语句的最后
- 【建议】访问的数据尽量包含Shardkey字段，否则不带Shardkey字段的SQL语句会路由到所有节点，将消耗较多资源
>!：部分分表方案支持“非主键或唯一索引”成为 Shardkey字段，但此类方案会导致数据不一致，因此 TDSQL 默认禁止“非主键或唯一索引”成为 Shardkey字段。

### 一级RANGE分区
- 一级range分区支持类型
–	DATE，DATETIME，TIMESTAMP
–	TINYINT, SMALLINT, MEDIUMINT, INT, and BIGINT
–	CHAR，VARCHAR
```
create table t1(a int key, b int) tdsql_distributed by range(a) (s1 values less than(100), s2 values less than(200));

```
【禁止】避免使用TIMESTAMP类型作为分区键，因为timestamp受到时区的影响，同时只能使用到2038年
【建议】如果分区键是char或者varchar类型，建议长度不超255

### 一级LIST分区
- 一级list分区支持类型
–	DATE，DATETIME，TIMESTAMP
–	TINYINT, SMALLINT, MEDIUMINT, INT, and BIGINT
–	CHAR，VARCHAR
```
create table t2(a int key, b int)  tdsql_distributed by list(a) (s1 values in(1,2), s2 values in (3,4));

```
【禁止】避免使用TIMESTAMP类型作为分区键，因为timestamp受到时区的影响，同时只能使用到2038年
【建议】如果分区键是char或者varchar类型，建议长度不超255

#### **local_table_option选项**
在tdsql_distributed by创建分表语法基础上，可以使用local_table_options来指定其他一些选项。 
>!：local_table_option不是创建表的关键字，只是占位符

```
CREATE TABLE [IF NOT EXISTS] *tbl_name*  (*create_definition*,...)    [*local_table_options*]   TDSQL_DISTRIBUTED BY range|list .... 

```
- local_table_option例子

```
 CREATE TABLE t1 (
  a int(11) NOT NULL,
  b int(11) DEFAULT NULL,
  PRIMARY KEY (a)
) ENGINE=InnoDB DEFAULT CHARSET=utf8 COLLATE=utf8_bin
PARTITION BY LIST (a)
(PARTITION p1 VALUES IN (1,2) ENGINE = InnoDB,
 PARTITION p2 VALUES IN (3,4) ENGINE = InnoDB) 
 TDSQL_DISTRIBUTED BY LIST(b) (s1 values in ('100'),s2 values in ('200'));
 
 
CREATE TABLE tb_sub_ev (
  id int(11) NOT NULL,
  purchased date NOT NULL,
  PRIMARY KEY (id,purchased)
) ENGINE=InnoDB DEFAULT CHARSET=utf8 COLLATE=utf8_bin
PARTITION BY RANGE ( YEAR(purchased))
    SUBPARTITION BY HASH ( TO_DAYS(purchased))
(PARTITION p0 VALUES LESS THAN (1990)
       (SUBPARTITION s0 ENGINE = InnoDB,
       SUBPARTITION s1 ENGINE = InnoDB),
 PARTITION p1 VALUES LESS THAN (2000)
       (SUBPARTITION s2 ENGINE = InnoDB,
       SUBPARTITION s3 ENGINE = InnoDB))
TDSQL_DISTRIBUTED BY RANGE(id) (s1 values less than ('100'),s2 values less than ('1000'));

CREATE TABLE t1 (
  a int(11) NOT NULL,
  b int(11) DEFAULT NULL,
  PRIMARY KEY (a)
) ENGINE=InnoDB DEFAULT CHARSET=utf8 COLLATE=utf8_bin
TDSQL_DISTRIBUTED BY RANGE(a) (s1 values less than ('100'),s2 values less than ('200'));

```
>!
- 分区键不要求是主键/唯一索引的一部分，此时需要业务自己保证唯一性
- 分区键不是主键列时，受限于实现，执行sql中指定force index primary会报错
- 分区键为字符串时，不要使用中文
- 当需要忽略大小写比较时，可以分区函数中使用upper/lower函数，例如tdsql_distributed by range(lower(b))
- tdsql_distributed by ...语法放置于create table ...的末尾

## 二级分区表
二级分区是将特定条件的数据进行分区处理，目前TDSQL支持Range和List两种格式的二级分区，具体建表语法和MySQL分区语法类似。
### 二级RANGE分区
**- Range支持类型**
–	DATE，DATETIME，TIMESTAMP
—支持year，month，day函数，函数为空和day函数一样
–	TINYINT, SMALLINT, MEDIUMINT, INT , BIGINT
 —支持year，month，day函数，此时传入的值转换为年月日，然后和分表信息进行对比
【禁止】避免使用TIMESTAMP类型作为分区键，因为timestamp受到时区的影响，同时只能使用到2038年
如果插入的Hired是Date类型，则插入后查询到的对应的值格式为 'YYYY-MM-DD' ,一级HASH，二级RANGE分区举例如下：

```
MySQL [test]> CREATE TABLE employees_int (
    id INT key NOT NULL,
    fname VARCHAR(30),
    lname VARCHAR(30),
    hired date,
    separated DATE NOT NULL DEFAULT '9999-12-31',
    job_code INT,
    store_id INT
)
shardkey=id 
PARTITION BY RANGE ( year(hired) ) (
    PARTITION p0 VALUES LESS THAN (1991),
    PARTITION p1 VALUES LESS THAN (1996),
    PARTITION p2 VALUES LESS THAN (2001)
);

MySQL [test]> insert into employees_int(id,fname,lname,hired,separated,job_code,store_id) values(10,'a','b','1989-12-01','1880-12-31',1000,2000);
MySQL [test]> insert into employees_int(id,fname,lname,hired,separated,job_code,store_id) values(11,'c','d','1722-08-24','1880-12-31',1000,2000);
MySQL [test]> insert into employees_int(id,fname,lname,hired,separated,job_code,store_id) values(12,'e','f','1994-03-08','1880-12-31',1000,2000);
MySQL [test]> insert into employees_int(id,fname,lname,hired,separated,job_code,store_id) values(13,'g','h','1998-02-09','1880-12-31',1000,2000);

MySQL [test]> select *,year(hired) from employees_int;
+----+-------+-------+------------+------------+----------+----------+-------------+
| id | fname | lname | hired      | separated  | job_code | store_id | year(hired) |
+----+-------+-------+------------+------------+----------+----------+-------------+
| 11 | a     | b     | 1722-08-24 | 1880-12-31 |     1000 |     2000 |        1722 |
| 10 | c     | d     | 1989-12-01 | 1880-12-31 |     1000 |     2000 |        1989 |
| 12 | e     | f     | 1994-03-08 | 1880-12-31 |     1000 |     2000 |        1994 |
| 13 | g     | h     | 1998-02-09 | 1880-12-31 |     1000 |     2000 |        1998 |
+----+-------+-------+------------+------------+----------+----------+-------------+
4 rows in set (0.02 sec)
```

如果插入的Hired是Int类型，则Proxy首先会转换成对应的Date格式，'YYYY-MM-DD'，然后和分表信息进行对比。语句如下：

```
MySQL [test]> CREATE TABLE employees_int (
    id INT key NOT NULL,
    fname VARCHAR(30),
    lname VARCHAR(30),
    hired date,
    separated DATE NOT NULL DEFAULT '9999-12-31',
    job_code INT,
    store_id INT
)
shardkey=id 
PARTITION BY RANGE ( year(hired) ) (
    PARTITION p0 VALUES LESS THAN (1991),
    PARTITION p1 VALUES LESS THAN (1996),
    PARTITION p2 VALUES LESS THAN (2001)
);

MySQL [test]> insert into employees_int(id,fname,lname,hired,separated,job_code,store_id) values(10,'a','b',19891201,'1880-12-31',1000,2000);
MySQL [test]> insert into employees_int(id,fname,lname,hired,separated,job_code,store_id) values(11,'c','d',17220824,'1880-12-31',1000,2000);
MySQL [test]> insert into employees_int(id,fname,lname,hired,separated,job_code,store_id) values(12,'e','f',19940308,'1880-12-31',1000,2000);
MySQL [test]> insert into employees_int(id,fname,lname,hired,separated,job_code,store_id) values(13,'g','h',19980209,'1880-12-31',1000,2000);

MySQL [test]> select *,year(hired) from employees_int;
+----+-------+-------+------------+------------+----------+----------+-------------+
| id | fname | lname | hired      | separated  | job_code | store_id | year(hired) |
+----+-------+-------+------------+------------+----------+----------+-------------+
| 12 | a     | b     | 1994-03-08 | 1880-12-31 |     1000 |     2000 |        1994 |
| 11 | c     | d     | 1722-08-24 | 1880-12-31 |     1000 |     2000 |        1722 |
| 10 | e     | f     | 1989-12-01 | 1880-12-31 |     1000 |     2000 |        1989 |
| 13 | g     | h     | 1998-02-09 | 1880-12-31 |     1000 |     2000 |        1998 |
+----+-------+-------+------------+------------+----------+----------+-------------+
4 rows in set (0.03 sec)

```
>!：分区使用小于符号“<”，如果要存储当年数据（例如，2017），需要创建小于往后一年（<2018）的分区，用户只需创建到当前的时间分区。TDSQL会自动增加后续分区，默认往后创建3个分区，以Year为例，TDSQL会自动往后创建3年（2018年、2019年、2020年）的分区，后续也会自动增减。

### 二级LIST分区
-  List支持类型
–	DATE，DATETIME，TIMESTAMP —支持年月日函数
–	TINYINT, SMALLINT, MEDIUMINT, INT , BIGINT
 	【禁止】禁止使用TIMESTAMP类型作为分区键，因为timestamp受到时区的影响，同时只能使用到2038年
 	【建议】如果分区键是char或者varchar类型，建议长度不超255
 	一级HASH，二级List分区举例如下：
```
 	MySQL [test]> CREATE TABLE customers_1 (
    first_name VARCHAR(25) key,
    last_name VARCHAR(25),
    street_1 VARCHAR(30),
    street_2 VARCHAR(30),
    city VARCHAR(15),
    renewal DATE
) shardkey=first_name
PARTITION BY LIST (city) (
    PARTITION pRegion_1 VALUES IN('Beijing', 'Tianjin', 'Shanghai'),
    PARTITION pRegion_2 VALUES IN('Chongqing', 'Wulumuqi', 'Dalian'),
    PARTITION pRegion_3 VALUES IN('Suzhou', 'Hangzhou', 'Xiamen'),
    PARTITION pRegion_4 VALUES IN('Shenzhen', 'Guangzhou', 'Chengdu')
);

```

#### **删除和新增二级分区**
删除和新增二级分区的格式和单机MySQL一致，语句如下：

```
MySQL [test]> alter table customers_1 drop partition pRegion_1;

MySQL [test]> alter table customers_1 add partition (partition pRegion_5 VALUES IN('Wuhan', 'Nanjing', 'Guiyang'));

```
>!TDSQL不支持除Range和List二级分区以外的其他分区操作，例如，Reorganize。

### 部分二级分区表创建语法举例
一级RANGE，二级LIST创建语法如下：
```
MySQL [test]> CREATE TABLE tb_sub_r_l (
      id int(11) NOT NULL,
      order_id bigint NOT NULL,
      PRIMARY KEY (id,order_id)) 
     PARTITION BY list(order_id)
     (PARTITION p0 VALUES in (2121122),
      PARTITION p1 VALUES in (38937383))
     TDSQL_DISTRIBUTED BY RANGE(id) (s1 values less than (100),s2 values less than (1000));
Query OK, 0 rows affected, 1 warning (0.35 sec)
一级RANGE，二级RANGE创建语法如下：
MySQL [test]> CREATE TABLE tb_sub_r_r (
       id int(11) NOT NULL,
       order_id tinyint NOT NULL,
       PRIMARY KEY (id,order_id)) 
     PARTITION BY range (order_id)
     (PARTITION p0 VALUES less than  (5000),
      PARTITION p1 VALUES less than  (8000))
     TDSQL_DISTRIBUTED BY RANGE(id) (s1 values less than (100),s2 values less than (1000));

```
Query OK, 0 rows affected, 1 warning (0.15 sec)
一级LIST，二级RANGE创建语法如下：

```
MySQL [test]> CREATE TABLE t1_sub_l_r (
  a int(11) NOT NULL,
  b int(11) DEFAULT NULL,
  PRIMARY KEY (a)
) ENGINE=InnoDB DEFAULT CHARSET=utf8 COLLATE=utf8_bin
PARTITION BY range (a)
(PARTITION p1 VALUES less than  (1000) ENGINE = InnoDB,
 PARTITION p2 VALUES less than (2000) ENGINE = InnoDB) 
 TDSQL_DISTRIBUTED BY LIST(b) (s1 values in ('100'),s2 values in ('200'));
一级LIST，二级LIST创建语法如下：
MySQL [test]> CREATE TABLE t1_sub_l_l (
  a int(11) NOT NULL,
  b int(11) DEFAULT NULL,
  PRIMARY KEY (a)
) ENGINE=InnoDB DEFAULT CHARSET=utf8 COLLATE=utf8_bin
PARTITION BY LIST (a)
(PARTITION p1 VALUES IN (1,2) ENGINE = InnoDB,
 PARTITION p2 VALUES IN (3,4) ENGINE = InnoDB) 
 TDSQL_DISTRIBUTED BY LIST(b) (s1 values in (100),s2 values in (200));

```

### 二级分区表使用建议
业务应尽量都使用一级分区表。二级分区表使用场景和使用方法建议：
1.	使用前根据业务长期场景合理设计表结构，二级分区适用于表结构创建后长期都不需要DDL变更、需要定期进行分区数据清理和裁剪的场景，比如日志流水表
2.	合理设计二级分区的粒度，二级分区的粒度建议不要划分得太细，避免产生过多的二级子表。比如流水表按月进行二级分区，而不是按天/小时进行分区，避免文件系统上数据文件个数过多
3.	在对二级分区表进行SQL查询时，查询条件需要尽量带上一级分区和二级分区的键值，避免执行查询时需要打开很多的数据文件进行搜索
4.	在对二级分区表进行join查询时，如果查询条件未能带上一级分区和二级分区的键值，操作性能效率较低，建议不要使用
5.	表的主键或唯一索引需要包含分区键，否则无法保证数据唯一性

## 广播表
### 如何创建广播表
广播表又名小表广播功能，创建时需要指定noshardkey_allset关键字。创建广播表后，每个节点都有该表的全量数据，且该表的所有操作都将广播到所有物理分片（set）中。
广播表主要用于提升跨节点组（ Set） 的Join 操作的性能，常用于配置表等，语句如下：

```
MySQL [test]> create table global_table_a ( a int, b int key) shardkey=noshardkey_allset;
Query OK, 0 rows affected (0.05 sec)

```
### 广播表使用建议
业务应尽量都使用一级分区表。广播表使用场景和使用方法建议：
1. 表的数据量少
2. 该表需要和分片表进行Join操作，可以使用广播表
3. 该表不需要和分片表进行join操作，但是更新量少（仅在变更时修改，例如版本发布），可以使用广播表

## 单片表
### 如何创建单片表
普通表：又名单片表（Noshard表），创建时无须指定shardkey或者tdsql_distributed by关键字。单片表无需拆分且没有做任何特殊处理的表。其语法和MySQL完全一样，所有该类型表的全量数据默认存放在第一个物理节点组（Set）中，具体语句如下：

```
MySQL [test]> create table noshard_table (a int, b int key);
Query OK, 0 rows affected (0.21 sec)

```
>?单片表不支持shardkey，并且单表默认放置在第一个物理节点组（Set）中，如果创建过多单表，可能会导致第一个物理节点组（Set）的负载过大。

### 单片表的使用建议
业务应尽量都使用一级分区表。单片表使用场景和使用方法建议：
1.	表的数据量少
2.	该表不需要和分片表进行Join操作，但是更新量较大（业务处理中会进行修改），可以使用单表
